id,url
0,http://mp.weixin.qq.com/s?__biz=MjM5MjAyOTEzMg==&mid=502673267&idx=2&sn=69c4a261395d0d5b4cb0fa20b8a13cf0&scene=19#wechat_redirect
1,http://mp.weixin.qq.com/s?__biz=MjM5MjAyOTEzMg==&mid=2650157004&idx=1&sn=3a85bd6c678f00b2cdbe73b80e964d60&scene=19#wechat_redirect
2,http://mp.weixin.qq.com/s?__biz=MjM5MjAyOTEzMg==&mid=2650156965&idx=1&sn=7078bfddfb4102355419fd7425c50e92&scene=19#wechat_redirect
3,http://mp.weixin.qq.com/s?__biz=MjM5MjAyOTEzMg==&mid=502673196&idx=1&sn=5bea61e187ef8e0930d674b978fc1c41&scene=19#wechat_redirect
4,http://mp.weixin.qq.com/s?__biz=MjM5MjAyOTEzMg==&mid=2650156975&idx=1&sn=5be5a9c17225a42bb69bb0914a237f38&scene=19#wechat_redirect
5,http://mp.weixin.qq.com/s?__biz=MjM5MjAyOTEzMg==&mid=2650157004&idx=1&sn=3a85bd6c678f00b2cdbe73b80e964d60&scene=19#wechat_redirect
6,http://mp.weixin.qq.com/s?__biz=MjM5MjAyOTEzMg==&mid=2650157025&idx=1&sn=f5b5356a5741ea516cfb7c2d61e5e0fc&scene=19#wechat_redirect
7,http://mp.weixin.qq.com/s?__biz=MjM5MjAyOTEzMg==&mid=2650157026&idx=1&sn=54cf4a58c7006eceaae2cca36d2fa03b&scene=19#wechat_redirect
8,http://mp.weixin.qq.com/s?__biz=MjM5MjAyOTEzMg==&mid=2650157004&idx=2&sn=774e809f2914e6d964c081b5d54a0d24&scene=19#wechat_redirect
9,http://mp.weixin.qq.com/s?__biz=MjM5MjAyOTEzMg==&mid=502673172&idx=1&sn=4ced54c60e066ce2219b2d15c3ceec14&scene=19#wechat_redirect
10,http://mp.weixin.qq.com/s?__biz=MjM5MjAyOTEzMg==&mid=502673094&idx=1&sn=3b193d6423b27ca018ef4ba608c1cdd3&scene=19#wechat_redirect
11,http://mp.weixin.qq.com/s?__biz=MjM5MjAyOTEzMg==&mid=207444716&idx=1&sn=a91fa2248e7771ff0b1ffdba05cf717c&scene=19#wechat_redirect
12,http://mp.weixin.qq.com/s?__biz=MjM5MjAyOTEzMg==&mid=207444716&idx=2&sn=c69f68669ad1e63ea67f24d35c6a7c4b&scene=19#wechat_redirect
13,http://mp.weixin.qq.com/s?__biz=MjM5MjAyOTEzMg==&mid=207432772&idx=1&sn=e66e68ae77236955f01c506eafd1f39a&scene=19#wechat_redirect
14,http://mp.weixin.qq.com/s?__biz=MjM5MjAyOTEzMg==&mid=207415516&idx=1&sn=c6717ed3bfc4c478cc02645025a3fa43&scene=19#wechat_redirect
15,http://mp.weixin.qq.com/s?__biz=MjM5MjAyOTEzMg==&mid=207397594&idx=1&sn=0caf196ce111d702d7f71c4fd3ff5af7&scene=19#wechat_redirect
16,http://mp.weixin.qq.com/s?__biz=MjM5MjAyOTEzMg==&mid=207348364&idx=1&sn=01fd4a0a3e30a006e2ecf1930327c576&scene=19#wechat_redirect
17,http://mp.weixin.qq.com/s?__biz=MjM5MjAyOTEzMg==&mid=207309783&idx=1&sn=ef1c2812460f9260ba2d60b390b90e95&scene=19#wechat_redirect
18,http://mp.weixin.qq.com/s?__biz=MjM5MjAyOTEzMg==&mid=207270754&idx=1&sn=4185f9edded3a4990970352925da3171&scene=19#wechat_redirect
19,http://mp.weixin.qq.com/s?__biz=MjM5MjAyOTEzMg==&mid=207834830&idx=1&sn=6323b5de21bc7ad019c0ad1117b3c022&scene=19#wechat_redirect
20,http://mp.weixin.qq.com/s?__biz=MjM5MjAyOTEzMg==&mid=207959432&idx=1&sn=5cca44d9da699ae73b374a09546aa341&scene=19#wechat_redirect
21,http://mp.weixin.qq.com/s?__biz=MjM5MjAyOTEzMg==&mid=208147436&idx=1&sn=5feec9a5e2ee97aaf7a413f3025dc38c&scene=19#wechat_redirect
22,http://mp.weixin.qq.com/s?__biz=MjM5MjAyOTEzMg==&mid=400391585&idx=1&sn=15040d3a72d74ce4f077daedd697eaee&scene=19#wechat_redirect
23,http://mp.weixin.qq.com/s?__biz=MjM5MjAyOTEzMg==&mid=402590589&idx=1&sn=4cf15e2e1eb47d866819f6ae3fce31ce&scene=19#wechat_redirect
24,http://mp.weixin.qq.com/s?__biz=MjM5MjAyOTEzMg==&mid=502673267&idx=2&sn=69c4a261395d0d5b4cb0fa20b8a13cf0&scene=19#wechat_redirect
25,http://mp.weixin.qq.com/s?__biz=MjM5MjAyOTEzMg==&mid=2650157004&idx=1&sn=3a85bd6c678f00b2cdbe73b80e964d60&scene=19#wechat_redirect
26,http://mp.weixin.qq.com/s?__biz=MjM5MjAyOTEzMg==&mid=2650156965&idx=1&sn=7078bfddfb4102355419fd7425c50e92&scene=19#wechat_redirect
27,http://mp.weixin.qq.com/s?__biz=MjM5MjAyOTEzMg==&mid=502673196&idx=1&sn=5bea61e187ef8e0930d674b978fc1c41&scene=19#wechat_redirect
28,http://mp.weixin.qq.com/s?__biz=MjM5MjAyOTEzMg==&mid=2650156975&idx=1&sn=5be5a9c17225a42bb69bb0914a237f38&scene=19#wechat_redirect
29,http://mp.weixin.qq.com/s?__biz=MjM5MjAyOTEzMg==&mid=2650157004&idx=1&sn=3a85bd6c678f00b2cdbe73b80e964d60&scene=19#wechat_redirect
30,http://mp.weixin.qq.com/s?__biz=MjM5MjAyOTEzMg==&mid=2650157025&idx=1&sn=f5b5356a5741ea516cfb7c2d61e5e0fc&scene=19#wechat_redirect
31,http://mp.weixin.qq.com/s?__biz=MjM5MjAyOTEzMg==&mid=2650157026&idx=1&sn=54cf4a58c7006eceaae2cca36d2fa03b&scene=19#wechat_redirect
32,http://mp.weixin.qq.com/s?__biz=MjM5MjAyOTEzMg==&mid=2650157004&idx=2&sn=774e809f2914e6d964c081b5d54a0d24&scene=19#wechat_redirect
33,http://mp.weixin.qq.com/s?__biz=MjM5MjAyOTEzMg==&mid=502673172&idx=1&sn=4ced54c60e066ce2219b2d15c3ceec14&scene=19#wechat_redirect
34,http://mp.weixin.qq.com/s?__biz=MjM5MjAyOTEzMg==&mid=502673094&idx=1&sn=3b193d6423b27ca018ef4ba608c1cdd3&scene=19#wechat_redirect
35,http://mp.weixin.qq.com/s?__biz=MjM5MjAyOTEzMg==&mid=207444716&idx=1&sn=a91fa2248e7771ff0b1ffdba05cf717c&scene=19#wechat_redirect
36,http://mp.weixin.qq.com/s?__biz=MjM5MjAyOTEzMg==&mid=207444716&idx=2&sn=c69f68669ad1e63ea67f24d35c6a7c4b&scene=19#wechat_redirect
37,http://mp.weixin.qq.com/s?__biz=MjM5MjAyOTEzMg==&mid=207432772&idx=1&sn=e66e68ae77236955f01c506eafd1f39a&scene=19#wechat_redirect
38,http://mp.weixin.qq.com/s?__biz=MjM5MjAyOTEzMg==&mid=207415516&idx=1&sn=c6717ed3bfc4c478cc02645025a3fa43&scene=19#wechat_redirect
39,http://mp.weixin.qq.com/s?__biz=MjM5MjAyOTEzMg==&mid=207397594&idx=1&sn=0caf196ce111d702d7f71c4fd3ff5af7&scene=19#wechat_redirect
40,http://mp.weixin.qq.com/s?__biz=MjM5MjAyOTEzMg==&mid=207348364&idx=1&sn=01fd4a0a3e30a006e2ecf1930327c576&scene=19#wechat_redirect
41,http://mp.weixin.qq.com/s?__biz=MjM5MjAyOTEzMg==&mid=207309783&idx=1&sn=ef1c2812460f9260ba2d60b390b90e95&scene=19#wechat_redirect
42,http://mp.weixin.qq.com/s?__biz=MjM5MjAyOTEzMg==&mid=207270754&idx=1&sn=4185f9edded3a4990970352925da3171&scene=19#wechat_redirect
43,http://mp.weixin.qq.com/s?__biz=MjM5MjAyOTEzMg==&mid=207834830&idx=1&sn=6323b5de21bc7ad019c0ad1117b3c022&scene=19#wechat_redirect
44,http://mp.weixin.qq.com/s?__biz=MjM5MjAyOTEzMg==&mid=207959432&idx=1&sn=5cca44d9da699ae73b374a09546aa341&scene=19#wechat_redirect
45,http://mp.weixin.qq.com/s?__biz=MjM5MjAyOTEzMg==&mid=208147436&idx=1&sn=5feec9a5e2ee97aaf7a413f3025dc38c&scene=19#wechat_redirect
46,http://mp.weixin.qq.com/s?__biz=MjM5MjAyOTEzMg==&mid=400391585&idx=1&sn=15040d3a72d74ce4f077daedd697eaee&scene=19#wechat_redirect
47,http://mp.weixin.qq.com/s?__biz=MjM5MjAyOTEzMg==&mid=402590589&idx=1&sn=4cf15e2e1eb47d866819f6ae3fce31ce&scene=19#wechat_redirect
48,http://mp.weixin.qq.com/s?__biz=MjM5MjAyOTEzMg==&mid=2650157018&idx=1&sn=556a4fda116c36439a4b70ffb2686c21&scene=19#wechat_redirect
49,http://mp.weixin.qq.com/s?__biz=MjM5MjAyOTEzMg==&mid=2650156965&idx=1&sn=7078bfddfb4102355419fd7425c50e92&scene=19#wechat_redirect
50,http://mp.weixin.qq.com/s?__biz=MjM5MjAyOTEzMg==&mid=2650156926&idx=1&sn=d47d5c966ade011d658455882d1ed485&scene=19#wechat_redirect
51,http://mp.weixin.qq.com/s?__biz=MjM5MjAyOTEzMg==&mid=2650156826&idx=1&sn=428c62ca1f1a64c39d8bf9c58b2005ae&scene=19#wechat_redirect
52,http://mp.weixin.qq.com/s?__biz=MjM5MjAyOTEzMg==&mid=402497829&idx=1&sn=077099486daa7ca9fa47ebf02404d8ac&scene=19#wechat_redirect
53,http://mp.weixin.qq.com/s?__biz=MjM5MjAyOTEzMg==&mid=402349253&idx=1&sn=3035f6321fe96f97beebea2a3667ae6e&scene=19#wechat_redirect
54,http://mp.weixin.qq.com/s?__biz=MjM5MjAyOTEzMg==&mid=402368799&idx=1&sn=30560095365810f02ec0de0befb4073b&scene=19#wechat_redirect
55,http://mp.weixin.qq.com/s?__biz=MjM5MjAyOTEzMg==&mid=400490585&idx=1&sn=c06fa92cdf81afd93b5a928bf56d9418&scene=19#wechat_redirect
56,http://mp.weixin.qq.com/s?__biz=MjM5MjAyOTEzMg==&mid=208393060&idx=1&sn=41afb3564da9618390c8a8f11f664a01&scene=19#wechat_redirect
57,http://mp.weixin.qq.com/s?__biz=MjM5MjAyOTEzMg==&mid=400207103&idx=1&sn=2bea9153df5b0b046d460ca099b4bdde&scene=19#wechat_redirect
58,http://mp.weixin.qq.com/s?__biz=MjM5MjAyOTEzMg==&mid=401620239&idx=1&sn=618c3d7430d3cd061567976951a62207&scene=19#wechat_redirect
59,http://mp.weixin.qq.com/s?__biz=MjM5MjAyOTEzMg==&mid=401521647&idx=1&sn=2266d3b28d50c2033c72b4c6f02fdc45&scene=19#wechat_redirect
60,http://mp.weixin.qq.com/s?__biz=MjM5MjAyOTEzMg==&mid=400746841&idx=1&sn=9dd33554efb1464d5992ce08a7d75c3e&scene=19#wechat_redirect
61,http://mp.weixin.qq.com/s?__biz=MjM5MjAyOTEzMg==&mid=400313863&idx=1&sn=d0975a1cdeb678bebfb9fcd996ef1a75&scene=19#wechat_redirect
62,http://mp.weixin.qq.com/s?__biz=MjM5MjAyOTEzMg==&mid=400187303&idx=1&sn=deecad5c2b6a2a56b389ab88516169f0&scene=19#wechat_redirect
63,http://mp.weixin.qq.com/s?__biz=MjM5MjAyOTEzMg==&mid=208194981&idx=1&sn=a4342e3001fb038bf6ed06922bcdab6c&scene=19#wechat_redirect
64,http://mp.weixin.qq.com/s?__biz=MjM5MjAyOTEzMg==&mid=207781376&idx=1&sn=ca409f388f956263dc9412f32a29572c&scene=19#wechat_redirect
65,http://mp.weixin.qq.com/s?__biz=MjM5MjAyOTEzMg==&mid=206366037&idx=1&sn=96fd6f2db9537b18bae8d0eaca5aa800&scene=19#wechat_redirect
66,http://mp.weixin.qq.com/s?__biz=MjM5MjAyOTEzMg==&mid=206332834&idx=1&sn=f9baccd69a004683120263b043923fbf&scene=19#wechat_redirect
67,http://mp.weixin.qq.com/s?__biz=MjM5MjAyOTEzMg==&mid=205756346&idx=1&sn=390eee911b3ec428622c128f542f9482&scene=19#wechat_redirect
68,http://mp.weixin.qq.com/s?__biz=MjM5MjAyOTEzMg==&mid=205576302&idx=1&sn=a2d261f62165b85bb6a24bdcaabdf655&scene=19#wechat_redirect
69,http://mp.weixin.qq.com/s?__biz=MjM5MjAyOTEzMg==&mid=400504116&idx=1&sn=2934ee26aa7bc33bd0c073714dea9c2f&scene=19#wechat_redirect
70,http://mp.weixin.qq.com/s?__biz=MjM5MjAyOTEzMg==&mid=502673267&idx=2&sn=69c4a261395d0d5b4cb0fa20b8a13cf0&scene=19#wechat_redirect
71,http://mp.weixin.qq.com/s?__biz=MjM5MjAyOTEzMg==&mid=2650157004&idx=1&sn=3a85bd6c678f00b2cdbe73b80e964d60&scene=19#wechat_redirect
72,http://mp.weixin.qq.com/s?__biz=MjM5MjAyOTEzMg==&mid=2650156965&idx=1&sn=7078bfddfb4102355419fd7425c50e92&scene=19#wechat_redirect
73,http://mp.weixin.qq.com/s?__biz=MjM5MjAyOTEzMg==&mid=502673196&idx=1&sn=5bea61e187ef8e0930d674b978fc1c41&scene=19#wechat_redirect
74,http://mp.weixin.qq.com/s?__biz=MjM5MjAyOTEzMg==&mid=2650156975&idx=1&sn=5be5a9c17225a42bb69bb0914a237f38&scene=19#wechat_redirect
75,http://mp.weixin.qq.com/s?__biz=MjM5MjAyOTEzMg==&mid=2650157004&idx=1&sn=3a85bd6c678f00b2cdbe73b80e964d60&scene=19#wechat_redirect
76,http://mp.weixin.qq.com/s?__biz=MjM5MjAyOTEzMg==&mid=2650157025&idx=1&sn=f5b5356a5741ea516cfb7c2d61e5e0fc&scene=19#wechat_redirect
77,http://mp.weixin.qq.com/s?__biz=MjM5MjAyOTEzMg==&mid=2650157026&idx=1&sn=54cf4a58c7006eceaae2cca36d2fa03b&scene=19#wechat_redirect
78,http://mp.weixin.qq.com/s?__biz=MjM5MjAyOTEzMg==&mid=2650157004&idx=2&sn=774e809f2914e6d964c081b5d54a0d24&scene=19#wechat_redirect
79,http://mp.weixin.qq.com/s?__biz=MjM5MjAyOTEzMg==&mid=502673172&idx=1&sn=4ced54c60e066ce2219b2d15c3ceec14&scene=19#wechat_redirect
80,http://mp.weixin.qq.com/s?__biz=MjM5MjAyOTEzMg==&mid=502673094&idx=1&sn=3b193d6423b27ca018ef4ba608c1cdd3&scene=19#wechat_redirect
81,http://mp.weixin.qq.com/s?__biz=MjM5MjAyOTEzMg==&mid=207444716&idx=1&sn=a91fa2248e7771ff0b1ffdba05cf717c&scene=19#wechat_redirect
82,http://mp.weixin.qq.com/s?__biz=MjM5MjAyOTEzMg==&mid=207444716&idx=2&sn=c69f68669ad1e63ea67f24d35c6a7c4b&scene=19#wechat_redirect
83,http://mp.weixin.qq.com/s?__biz=MjM5MjAyOTEzMg==&mid=207432772&idx=1&sn=e66e68ae77236955f01c506eafd1f39a&scene=19#wechat_redirect
84,http://mp.weixin.qq.com/s?__biz=MjM5MjAyOTEzMg==&mid=207415516&idx=1&sn=c6717ed3bfc4c478cc02645025a3fa43&scene=19#wechat_redirect
85,http://mp.weixin.qq.com/s?__biz=MjM5MjAyOTEzMg==&mid=207397594&idx=1&sn=0caf196ce111d702d7f71c4fd3ff5af7&scene=19#wechat_redirect
86,http://mp.weixin.qq.com/s?__biz=MjM5MjAyOTEzMg==&mid=207348364&idx=1&sn=01fd4a0a3e30a006e2ecf1930327c576&scene=19#wechat_redirect
87,http://mp.weixin.qq.com/s?__biz=MjM5MjAyOTEzMg==&mid=207309783&idx=1&sn=ef1c2812460f9260ba2d60b390b90e95&scene=19#wechat_redirect
88,http://mp.weixin.qq.com/s?__biz=MjM5MjAyOTEzMg==&mid=207270754&idx=1&sn=4185f9edded3a4990970352925da3171&scene=19#wechat_redirect
89,http://mp.weixin.qq.com/s?__biz=MjM5MjAyOTEzMg==&mid=207834830&idx=1&sn=6323b5de21bc7ad019c0ad1117b3c022&scene=19#wechat_redirect
90,http://mp.weixin.qq.com/s?__biz=MjM5MjAyOTEzMg==&mid=207959432&idx=1&sn=5cca44d9da699ae73b374a09546aa341&scene=19#wechat_redirect
91,http://mp.weixin.qq.com/s?__biz=MjM5MjAyOTEzMg==&mid=208147436&idx=1&sn=5feec9a5e2ee97aaf7a413f3025dc38c&scene=19#wechat_redirect
92,http://mp.weixin.qq.com/s?__biz=MjM5MjAyOTEzMg==&mid=400391585&idx=1&sn=15040d3a72d74ce4f077daedd697eaee&scene=19#wechat_redirect
93,http://mp.weixin.qq.com/s?__biz=MjM5MjAyOTEzMg==&mid=402590589&idx=1&sn=4cf15e2e1eb47d866819f6ae3fce31ce&scene=19#wechat_redirect
94,http://mp.weixin.qq.com/s?__biz=MjM5MjAyOTEzMg==&mid=2650157018&idx=1&sn=556a4fda116c36439a4b70ffb2686c21&scene=19#wechat_redirect
95,http://mp.weixin.qq.com/s?__biz=MjM5MjAyOTEzMg==&mid=2650156965&idx=1&sn=7078bfddfb4102355419fd7425c50e92&scene=19#wechat_redirect
96,http://mp.weixin.qq.com/s?__biz=MjM5MjAyOTEzMg==&mid=2650156926&idx=1&sn=d47d5c966ade011d658455882d1ed485&scene=19#wechat_redirect
97,http://mp.weixin.qq.com/s?__biz=MjM5MjAyOTEzMg==&mid=2650156826&idx=1&sn=428c62ca1f1a64c39d8bf9c58b2005ae&scene=19#wechat_redirect
98,http://mp.weixin.qq.com/s?__biz=MjM5MjAyOTEzMg==&mid=402497829&idx=1&sn=077099486daa7ca9fa47ebf02404d8ac&scene=19#wechat_redirect
99,http://mp.weixin.qq.com/s?__biz=MjM5MjAyOTEzMg==&mid=402349253&idx=1&sn=3035f6321fe96f97beebea2a3667ae6e&scene=19#wechat_redirect
100,http://mp.weixin.qq.com/s?__biz=MjM5MjAyOTEzMg==&mid=402368799&idx=1&sn=30560095365810f02ec0de0befb4073b&scene=19#wechat_redirect
101,http://mp.weixin.qq.com/s?__biz=MjM5MjAyOTEzMg==&mid=400490585&idx=1&sn=c06fa92cdf81afd93b5a928bf56d9418&scene=19#wechat_redirect
102,http://mp.weixin.qq.com/s?__biz=MjM5MjAyOTEzMg==&mid=208393060&idx=1&sn=41afb3564da9618390c8a8f11f664a01&scene=19#wechat_redirect
103,http://mp.weixin.qq.com/s?__biz=MjM5MjAyOTEzMg==&mid=400207103&idx=1&sn=2bea9153df5b0b046d460ca099b4bdde&scene=19#wechat_redirect
104,http://mp.weixin.qq.com/s?__biz=MjM5MjAyOTEzMg==&mid=401620239&idx=1&sn=618c3d7430d3cd061567976951a62207&scene=19#wechat_redirect
105,http://mp.weixin.qq.com/s?__biz=MjM5MjAyOTEzMg==&mid=401521647&idx=1&sn=2266d3b28d50c2033c72b4c6f02fdc45&scene=19#wechat_redirect
106,http://mp.weixin.qq.com/s?__biz=MjM5MjAyOTEzMg==&mid=400746841&idx=1&sn=9dd33554efb1464d5992ce08a7d75c3e&scene=19#wechat_redirect
107,http://mp.weixin.qq.com/s?__biz=MjM5MjAyOTEzMg==&mid=400313863&idx=1&sn=d0975a1cdeb678bebfb9fcd996ef1a75&scene=19#wechat_redirect
108,http://mp.weixin.qq.com/s?__biz=MjM5MjAyOTEzMg==&mid=400187303&idx=1&sn=deecad5c2b6a2a56b389ab88516169f0&scene=19#wechat_redirect
109,http://mp.weixin.qq.com/s?__biz=MjM5MjAyOTEzMg==&mid=208194981&idx=1&sn=a4342e3001fb038bf6ed06922bcdab6c&scene=19#wechat_redirect
110,http://mp.weixin.qq.com/s?__biz=MjM5MjAyOTEzMg==&mid=207781376&idx=1&sn=ca409f388f956263dc9412f32a29572c&scene=19#wechat_redirect
111,http://mp.weixin.qq.com/s?__biz=MjM5MjAyOTEzMg==&mid=206366037&idx=1&sn=96fd6f2db9537b18bae8d0eaca5aa800&scene=19#wechat_redirect
112,http://mp.weixin.qq.com/s?__biz=MjM5MjAyOTEzMg==&mid=206332834&idx=1&sn=f9baccd69a004683120263b043923fbf&scene=19#wechat_redirect
113,http://mp.weixin.qq.com/s?__biz=MjM5MjAyOTEzMg==&mid=205756346&idx=1&sn=390eee911b3ec428622c128f542f9482&scene=19#wechat_redirect
114,http://mp.weixin.qq.com/s?__biz=MjM5MjAyOTEzMg==&mid=205576302&idx=1&sn=a2d261f62165b85bb6a24bdcaabdf655&scene=19#wechat_redirect
115,http://mp.weixin.qq.com/s?__biz=MjM5MjAyOTEzMg==&mid=400504116&idx=1&sn=2934ee26aa7bc33bd0c073714dea9c2f&scene=19#wechat_redirect
116,http://mp.weixin.qq.com/s?__biz=MjM5MjAyOTEzMg==&mid=208147436&idx=1&sn=5feec9a5e2ee97aaf7a413f3025dc38c&scene=19#wechat_redirect
117,http://mp.weixin.qq.com/s?__biz=MjM5MjAyOTEzMg==&mid=2650156880&idx=1&sn=1f98180c3284090d41dfdad57eb2046e&scene=19#wechat_redirect
118,http://mp.weixin.qq.com/s?__biz=MjM5MjAyOTEzMg==&mid=2650156783&idx=1&sn=4b0ac3fbc6719a9eb2cfbdb49d556e2b&scene=19#wechat_redirect
119,http://mp.weixin.qq.com/s?__biz=MjM5MjAyOTEzMg==&mid=208298824&idx=1&sn=260248e48a7e0bd875c23f393ee80c42&scene=19#wechat_redirect
120,http://mp.weixin.qq.com/s?__biz=MjM5MjAyOTEzMg==&mid=402200488&idx=1&sn=c7b3ed066213297f6a6a21820c09fe4e&scene=19#wechat_redirect
121,http://mp.weixin.qq.com/s?__biz=MjM5MjAyOTEzMg==&mid=400635025&idx=1&sn=368afeab1f340b70641b02b6248dcab3&scene=19#wechat_redirect
122,http://mp.weixin.qq.com/s?__biz=MjM5MjAyOTEzMg==&mid=400103409&idx=1&sn=d6d41d7aefd67e3df53932979ee8fab7&scene=19#wechat_redirect
123,http://mp.weixin.qq.com/s?__biz=MjM5MjAyOTEzMg==&mid=402392047&idx=1&sn=8da1e7fe3ba4f61eb7878d28d4a4aa96&scene=19#wechat_redirect
124,http://mp.weixin.qq.com/s?__biz=MjM5MjAyOTEzMg==&mid=402282743&idx=1&sn=80d8e8ecf12ff5595c76035869b1b866&scene=19#wechat_redirect
125,http://mp.weixin.qq.com/s?__biz=MjM5MjAyOTEzMg==&mid=402082667&idx=1&sn=40f069f3dcb8d68419e19330a78e3e60&scene=19#wechat_redirect
126,http://mp.weixin.qq.com/s?__biz=MjM5MjAyOTEzMg==&mid=400439570&idx=1&sn=476bce0489e2363b349ab8ed492cb749&scene=19#wechat_redirect
127,http://mp.weixin.qq.com/s?__biz=MjM5MjAyOTEzMg==&mid=208588516&idx=1&sn=5332ea99e02fd2a18a66daf7a25a3e65&scene=19#wechat_redirect
128,http://mp.weixin.qq.com/s?__biz=MjM5MjAyOTEzMg==&mid=402522187&idx=1&sn=0801b0e0167d97a658a83e10b57ced49&scene=19#wechat_redirect
129,http://mp.weixin.qq.com/s?__biz=MjM5MjAyOTEzMg==&mid=402102880&idx=1&sn=181f43bb5861260233d01bb1687eef86&scene=19#wechat_redirect
130,http://mp.weixin.qq.com/s?__biz=MjM5MjAyOTEzMg==&mid=400635025&idx=1&sn=368afeab1f340b70641b02b6248dcab3&scene=19#wechat_redirect
131,http://mp.weixin.qq.com/s?__biz=MjM5MjAyOTEzMg==&mid=402038520&idx=1&sn=8f656af7dbcfe9127fe557f78a8579fe&scene=19#wechat_redirect
132,http://mp.weixin.qq.com/s?__biz=MjM5MjAyOTEzMg==&mid=205541093&idx=1&sn=dfb3d5c88c066a04df685a4b083d3546&scene=19#wechat_redirect
133,http://mp.weixin.qq.com/s?__biz=MjM5MjAyOTEzMg==&mid=204272251&idx=1&sn=676196eef121eeee1895b4a89cc533c9&scene=19#wechat_redirect
134,http://mp.weixin.qq.com/s?__biz=MjM5MjAyOTEzMg==&mid=203785899&idx=1&sn=f27f428407545a7964cb9f0682f075c3&scene=19#wechat_redirect
135,http://mp.weixin.qq.com/s?__biz=MjM5MjAyOTEzMg==&mid=203208640&idx=1&sn=033f213e376a7aaf577fd3df4c4875e0&scene=19#wechat_redirect
136,http://mp.weixin.qq.com/s?__biz=MjM5MjAyOTEzMg==&mid=203030850&idx=2&sn=81a406ca6c1a1f63d27d28ad5e499486&scene=19#wechat_redirect
